PMC6365454__fnins-13-00025-g0002	WP5283
PMC5883377__CN-16-151_F1B	WP4760
PMC6121065__fncel-12-00273-g0001	WP4829
PMC3514635__gr4	WP4856
PMC6085908__BRB3-8-e00978-g001	WP4539
PMC5854428__ppat.1006839.g001	WP4538
PMC5822808__JIR2018-3696914.001	WP4537
PMC6087706__40169_2018_202_Fig2_HTML	WP4534
PMC5992185__41392_2018_15_Fig4_HTML	WP4533
PMC5833345__41419_2017_66_Fig7_HTML	WP4553
PMC6103457__BST-46-967-g0001	WP4532
PMC6218675__fphys-09-01533-g0001	WP4535
PMC5923345__cancers-10-00090-g001	WP4541
PMC5923345__cancers-10-00090-g002	WP4540
PMC5923349__cancers-10-00094-g004	WP4542
PMC6115613__fnmol-11-00244-g003	WP4565
PMC6115613__fnmol-11-00244-g004	WP4564
PMC6027339__biomedicines-06-00038-g005	WP4562
PMC6143874__etm-16-04-3275-g02	WP5358
PMC5819904__IJMM-41-03-1201-g03  WP5382
PMC5867295__fbioe-06-00018-g005  WP5373
